2501,nattapong.k,pass1025
2502,supansa.t,pass2025
2503,kanokwan.j,alpha123
2504,wichai.p,beta456
2505,chanika.s,delta789
2506,somchai.r,echo321
2507,pimchanok.m,zulu654
2508,arisa.n,pass4321
2509,surasak.v,letmein
2510,kwanchai.d,abc123
2511,kamonchanok.l,qwerty12
2512,prasit.k,iloveyou
2513,pornthip.t,monkey22
2514,boonmee.c,dragon88
2515,thidarat.h,sunshine
2516,anurak.p,password1
2517,orawan.m,football
2518,jirawat.y,welcome1
2519,waranya.o,trustno1
2520,teerapat.b,admin123
2521,nanthicha.f,ninja007
2522,supakorn.w,apple123
2523,manatsanun.z,banana99
2524,wuttichai.e,letmein9
2525,nattanan.k,soccer10
2526,apinya.s,tiger007
2527,kittisak.l,batman88
2528,benjawan.v,spider77
2529,prawit.r,shadow01
2530,thanaporn.t,jupiter8
2531,peerapong.c,rocket88
2532,siriporn.n,cookie11
2533,sathit.m,sunset99
2534,pimlada.j,blue1234
2535,arun.y,purple77
2536,saranya.k,password9
2537,kritsada.p,winter22
2538,kanjana.f,summer33
2539,somchai.n,flower88
2540,rattana.t,happy123
2541,tanawat.s,doglover
2542,sunee.k,catlover
2543,veerachai.m,moviefan
2544,panida.b,music123
2545,somkid.c,guitar77
2546,kannika.v,violin88
2547,chayapat.y,reading1
2548,tassanee.o,travel88
2549,surachai.d,coffee77
2550,sirima.n,tea12345
2551,admin,admin
2552,admin1,admin1
